studentUsn,studentName,IA1,IA2,IA3,Total
1JS15CS132,Mansi,45,50,42,45.66666667
1JS15CS133,Soumya,43,50,42,45
1JS15CS134,Ram,42,25,32,33
1JS15CS135,Arjun,25,50,22,32.33333333
1JS15CS136,Anshika,41,45,32,39.33333333
1JS15CS137,Bhavana,35,40,44,39.66666667
1JS15CS138,Ishani,21,26,43,30
1JS15CS139,Srujana,35,20,12,22.33333333
1JS15CS140,Amrutha,45,40,22,35.66666667